{"name":"afe8b324-58be-499a-804c-14c494e69c81","id":"/providers/Microsoft.Flow/flows/afe8b324-58be-499a-804c-14c494e69c81","type":"Microsoft.Flow/flows","properties":{"apiId":"/providers/Microsoft.PowerApps/apis/shared_logicflows","displayName":"Euro","definition":{"metadata":{"workflowEntityId":null,"processAdvisorMetadata":null,"flowChargedByPaygo":null,"flowclientsuspensionreason":"None","flowclientsuspensiontime":null,"flowclientsuspensionreasondetails":null,"creator":{"id":"05b019ea-ef79-4788-a220-1e32caa59a05","type":"User","tenantId":"23bf2ff5-a6d4-41d1-9e7b-2f86544e44a4"},"provisioningMethod":"FromDefinition","failureAlertSubscription":true,"clientLastModifiedTime":"2025-03-11T16:16:05.7704452Z","connectionKeySavedTimeKey":"2025-03-11T16:16:05.7704452Z","creationSource":"Portal","modifiedSources":"Portal"},"$schema":"https://schema.management.azure.com/providers/Microsoft.Logic/schemas/2016-06-01/workflowdefinition.json#","contentVersion":"undefined","parameters":{"$connections":{"defaultValue":{},"type":"Object"},"$authentication":{"defaultValue":{},"type":"SecureObject"}},"triggers":{"Recurrence":{"recurrence":{"frequency":"Week","interval":1,"timeZone":"E. South America Standard Time","startTime":"2025-03-11T16:00:00.000Z","schedule":{"weekDays":["Monday","Tuesday","Wednesday","Thursday","Friday"]}},"metadata":{"operationMetadataId":"a48b4728-02c7-49e0-8de0-4df987724c81"},"type":"Recurrence"}},"actions":{"Data":{"runAfter":{},"metadata":{"operationMetadataId":"f05c381f-108d-44c0-9df7-26870880fd2d"},"type":"Compose","inputs":"@formatDateTime(utcNow(), 'MM-dd-yyyy')"},"Carregar_arquivo_da_URL":{"runAfter":{"Data":["Succeeded"]},"metadata":{"operationMetadataId":"c9265ce3-17ec-4651-bcb8-193aa7bf8e24"},"type":"OpenApiConnection","inputs":{"host":{"apiId":"/providers/Microsoft.PowerApps/apis/shared_onedriveforbusiness","connectionName":"shared_onedriveforbusiness","operationId":"CopyFile"},"parameters":{"source":"https://olinda.bcb.gov.br/olinda/servico/PTAX/versao/v1/odata/CotacaoMoedaPeriodoFechamento(codigoMoeda=@codigoMoeda,dataInicialCotacao=@dataInicialCotacao,dataFinalCotacao=@dataFinalCotacao)?@codigoMoeda='EUR'&@dataInicialCotacao='@{outputs('Data')}'&@dataFinalCotacao='@{outputs('Data')}'&$format=json&$select=cotacaoCompra,dataHoraCotacao","destination":"euro.json","overwrite":true},"authentication":"@parameters('$authentication')"}},"Obter_conteúdo_de_arquivo":{"runAfter":{"Carregar_arquivo_da_URL":["Succeeded"]},"metadata":{"operationMetadataId":"13283863-5d94-40ee-8cef-bf2e0a716cb4"},"type":"OpenApiConnection","inputs":{"host":{"apiId":"/providers/Microsoft.PowerApps/apis/shared_onedriveforbusiness","connectionName":"shared_onedriveforbusiness","operationId":"GetFileContent"},"parameters":{"id":"@outputs('Carregar_arquivo_da_URL')?['body/Id']","inferContentType":true},"authentication":"@parameters('$authentication')"}},"Compor":{"runAfter":{"Obter_conteúdo_de_arquivo":["Succeeded"]},"metadata":{"operationMetadataId":"c64c61e3-0009-45fb-8574-90e29d40e6db"},"type":"Compose","inputs":"@json(outputs('Obter_conteúdo_de_arquivo')?['body'])"},"Criar_item":{"runAfter":{"Compor":["Succeeded"]},"metadata":{"operationMetadataId":"1a36066b-ae17-4c38-92cd-be0c236af709"},"type":"OpenApiConnection","inputs":{"host":{"apiId":"/providers/Microsoft.PowerApps/apis/shared_sharepointonline","connectionName":"shared_sharepointonline","operationId":"PostItem"},"parameters":{"dataset":"https://mannhummel.sharepoint.com/sites/Relatorio_de_Faturamento","table":"31cf35b8-ae0e-46b7-8ec7-669375b4fc49","item/Title":"EUR","item/field_0":"@outputs('Compor')?['value'][0]?['dataHoraCotacao']","item/field_1":"@outputs('Compor')?['value'][0]?['cotacaoCompra']"},"authentication":"@parameters('$authentication')"}}}},"connectionReferences":{"shared_onedriveforbusiness":{"connectionName":"shared-onedriveforbu-9a31323a-e260-4154-b440-b25f7db4b290","source":"Embedded","id":"/providers/Microsoft.PowerApps/apis/shared_onedriveforbusiness","tier":"NotSpecified","apiName":"onedriveforbusiness"},"shared_sharepointonline":{"connectionName":"shared-sharepointonl-52465519-abb8-4e08-8803-9d7d9ba267dc","source":"Embedded","id":"/providers/Microsoft.PowerApps/apis/shared_sharepointonline","tier":"NotSpecified","apiName":"sharepointonline"}},"flowFailureAlertSubscribed":false,"isManaged":false}}